t_send_ns,t_unix,phase_ms,window,lat_status_us,lat_pin_us,lat_e2e_us,lat_rts_us,lat_unkey_us,was_tx,rts_before,decoding,transmitting
953971889718000,1790979632.493077,2493,idle,47568.3,119.5,277.2,,,0,0,0,0
953972158912300,1790979632.762275,2762,idle,21305.0,182.0,329.9,,,0,0,0,0
953972299237900,1790979632.902604,2902,idle,2516.7,327.4,518.4,,,0,0,0,0
953972441486500,1790979633.044855,3044,idle,1333.3,259.8,384.1,,,0,0,0,0
953972592176500,1790979633.195547,3195,idle,1182.8,166.7,277.3,,,0,0,0,0
953972740534300,1790979633.343907,3343,idle,1549.9,261.1,427.9,,,0,0,0,0
953972882170700,1790979633.485546,3485,idle,1182.3,161.7,305.9,,,0,0,0,0
953973022869200,1790979633.626246,3626,idle,1277.9,171.1,384.2,,,0,0,0,0
953973164185500,1790979633.767564,3767,idle,4424.3,507.7,759.0,,,0,0,0,0
953973305443200,1790979633.908825,3908,idle,1506.8,216.6,384.6,,,0,0,0,0
953973446752700,1790979634.050137,4050,idle,49043.5,113.2,526.8,,,0,0,0,0
953973658077200,1790979634.261465,4261,idle,41802.2,140.7,280.0,,,0,0,0,0
953973818519200,1790979634.421909,4421,idle,1300.8,245.7,354.5,,,0,0,0,0
953973964789700,1790979634.568182,4568,idle,2042.7,118.5,339.0,,,0,0,0,0
953974121532700,1790979634.724927,4724,idle,1179.8,112.4,281.4,,,0,0,0,0
953974261851900,1790979634.865248,4865,idle,1236.9,135.8,298.8,,,0,0,0,0
953974403082300,1790979635.006481,5006,idle,1587.5,142.7,346.9,,,0,0,0,0
953974544845500,1790979635.148247,5148,idle,6062.6,154.1,318.1,,,0,0,0,0
953974686566900,1790979635.289970,5289,idle,1267.3,150.6,343.0,,,0,0,0,0
953974829423900,1790979635.432829,5432,idle,1879.0,259.1,423.1,,,0,0,0,0
953974971699500,1790979635.575107,5575,idle,10186.4,119.2,282.0,,,0,0,0,0
953975150727600,1790979635.754138,5754,idle,1245.2,126.4,334.9,,,0,0,0,0
953975300536000,1790979635.903949,5903,idle,9945.9,173.1,411.4,,,0,0,0,0
953975442307000,1790979636.045722,6045,idle,1909.2,248.6,465.9,,,0,0,0,0
953975593093200,1790979636.196511,6196,idle,1275.3,95.4,205.1,,,0,0,0,0
953975741283300,1790979636.344703,6344,idle,19862.4,161.7,312.2,,,0,0,0,0
953975882491100,1790979636.485914,6485,idle,1346.1,282.4,413.7,,,0,0,0,0
953976024188800,1790979636.627613,6627,idle,1268.7,140.6,350.0,,,0,0,0,0
953976164887100,1790979636.768314,6768,idle,1561.1,151.5,290.2,,,0,0,0,0
953976306175300,1790979636.909604,6909,idle,1321.6,154.8,340.1,,,0,0,0,0
953976447472200,1790979637.050903,7050,idle,1347.3,134.3,354.1,,,0,0,0,0
953976652224300,1790979637.255659,7255,idle,1485.4,212.9,320.7,,,0,0,0,0
953976795457900,1790979637.398895,7398,idle,1255.6,255.6,399.1,,,0,0,0,0
953976936285800,1790979637.539724,7539,idle,1783.1,194.1,450.5,,,0,0,0,0
953977089759200,1790979637.693200,7693,idle,1668.1,165.3,304.8,,,0,0,0,0
953977235285800,1790979637.838729,7838,idle,1803.6,354.7,534.3,,,0,0,0,0
953977376935100,1790979637.980381,7980,idle,29212.4,132.9,325.1,,,0,0,0,0
953977534288400,1790979638.137737,8137,idle,1712.6,418.6,567.7,,,0,0,0,0
953977674056200,1790979638.277507,8277,idle,1443.5,133.8,361.7,,,0,0,0,0
953977816743300,1790979638.420196,8420,idle,9100.4,164.2,339.9,,,0,0,0,0
953977959390000,1790979638.562845,8562,idle,1770.6,275.9,469.3,,,0,0,0,0
953978153969700,1790979638.757428,8757,idle,1273.0,157.3,273.6,,,0,0,0,0
953978304480200,1790979638.907940,8907,idle,1557.6,213.5,444.8,,,0,0,0,0
953978446259800,1790979639.049722,9049,idle,1201.4,170.2,336.3,,,0,0,0,0
953978594413200,1790979639.197878,9197,idle,1566.7,614.7,780.4,,,0,0,0,0
953978745319300,1790979639.348786,9348,idle,1455.0,360.6,534.1,,,0,0,0,0
953978886530300,1790979639.490000,9489,idle,1329.8,203.6,338.0,,,0,0,0,0
953979028465700,1790979639.631937,9631,idle,1399.3,274.5,438.0,,,0,0,0,0
953979169174500,1790979639.772648,9772,idle,1609.4,227.4,394.0,,,0,0,0,0
953979310256900,1790979639.913733,9913,idle,1848.3,242.1,569.6,,,0,0,0,0
953979451778900,1790979640.055257,10055,idle,1267.5,187.4,328.0,,,0,0,0,0
953979648207800,1790979640.251689,10251,idle,1235.7,127.8,307.0,,,0,0,0,0
953979799674400,1790979640.403158,10403,idle,1205.4,112.5,296.8,,,0,0,0,0
953979940138800,1790979640.543622,10543,idle,1663.5,343.1,526.1,,,0,0,0,0
953980089870400,1790979640.693359,10693,idle,1844.9,122.0,300.4,,,0,0,0,0
953980237843600,1790979640.841334,10841,idle,1622.9,128.6,303.7,,,0,0,0,0
953980379523300,1790979640.983016,10983,idle,2044.8,220.7,375.4,,,0,0,0,0
953980520251900,1790979641.123747,11123,idle,1445.3,324.4,531.2,,,0,0,0,0
953980660995200,1790979641.264492,11264,idle,12078.1,103.8,402.4,,,0,0,0,0
953980805075900,1790979641.408576,11408,idle,1600.6,114.3,290.1,,,0,0,0,0
953980947840400,1790979641.551342,11551,idle,1294.1,157.0,335.1,,,0,0,0,0
953981149855100,1790979641.753360,11753,idle,1235.3,110.4,218.6,,,0,0,0,0
953981297532100,1790979641.901039,11901,idle,1371.3,178.5,388.5,,,0,0,0,0
953981438589200,1790979642.042099,12042,idle,2784.7,154.6,343.1,,,0,0,0,0
953981589222600,1790979642.192734,12192,idle,1144.5,131.7,247.6,,,0,0,0,0
953981736927100,1790979642.340441,12340,idle,1737.7,165.3,409.3,,,0,0,0,0
953981876593500,1790979642.480110,12480,idle,1184.4,110.7,245.6,,,0,0,0,0
953982017749600,1790979642.621268,12621,idle,1378.3,168.0,372.5,,,0,0,0,0
953982157900300,1790979642.761421,12761,idle,1209.0,141.7,279.8,,,0,0,0,0
953982300809300,1790979642.904332,12904,idle,8153.0,152.8,307.1,,,0,0,0,0
953982442154600,1790979643.045679,13045,idle,1780.8,232.3,578.8,,,0,0,0,0
953982652848000,1790979643.256377,13256,idle,1138.3,125.1,231.4,,,0,0,0,0
953982805426800,1790979643.408958,13408,idle,1874.1,147.4,315.5,,,0,0,0,0
953982947025100,1790979643.550558,13550,idle,1440.2,149.9,403.9,,,0,0,0,0
953983090245900,1790979643.693782,13693,idle,1444.9,448.5,568.4,,,0,0,0,0
953983229989800,1790979643.833527,13833,idle,1394.9,140.5,327.2,,,0,0,0,0
953983371637200,1790979643.975177,13975,idle,2345.9,183.8,326.7,,,0,0,0,0
953983513422100,1790979644.116964,14116,idle,9065.1,192.7,357.1,,,0,0,0,0
953983655638600,1790979644.259183,14259,idle,1263.5,153.6,327.7,,,0,0,0,0
953983796845300,1790979644.400392,14400,idle,1326.1,232.8,400.6,,,0,0,0,0
953983937144800,1790979644.540693,14540,idle,1363.3,132.7,387.1,,,0,0,0,0
